Text1,Text
부산맛집 서면밀면 으로 여행 첫 스타트 ! : 네이버 블로그,"태그
#부산
#부산여행
#부산맛집
#서면밀면
#서면맛집
#전포맛집
#부산밀면
#전포밀면
#부산밀면추천
#부산맛집추천
#서면맛집추천
#서면밀면추천
#물밀면
#비빔밀면
#서면밀면웨이팅
#서면밀면주문"
"부산 맛집, 부산역 신발원 군만두 필수! : 네이버 블로그","태그
#부산역맛집
#부산맛집
#부산신발원
#신발원포장
#신발원군만두
#신발원만두"
부산 맛집 내돈내산 생선구이 자갈치시장 여기가 가본곳중 괜찮았어요. : 네이버 블로그,"태그
#부산맛집
#부산맛집내돈내산
#부산자갈치시장맛집
#부산생선구이추천
#자갈치시장맛집
#자갈치시장
#생선구이
#경북대구횟집"
금수복국 해운대 술먹고올껄 부산 맛집 : 네이버 블로그,"태그
#부산맛집
#금수복국
#해운대금수복국
#금수복국본점
#복국
#복어탕
#복튀김
#복무침
#복껍질"
"부산 맛집 해운대암소갈비집, 여긴 꼭 간다! 예약방법(테이블링 원격줄서기 안됨!) : 네이버 블로그","태그
#부산맛집
#해운대암소갈비집
#해운대암소갈비
#해운대암소갈비집예약
#해운대암소갈비집웨이팅
#해운대암소갈비집테이블링
#해운대암소갈비집오픈
#해운대암소갈비집오픈런
#해운대암소갈비집테이블링오픈
#해운대암소갈비집생갈비
#해운대암소갈비집양념갈비"
부산 송도 맛집 부산 맛집 감칠맛 끝장 : 네이버 블로그,"태그
#부산맛집
#부산송도맛집
#사천해물탕"
부산 맛집 중국식 찐만두 신발원 + 군스빽립 폭립 먹방후기 : 네이버 블로그,"태그
#부산맛집
#신발원
#군스빽립"
부산 맛집 일본의 분위기를 보여주는 오라이멘 : 네이버 블로그,"태그
#부산맛집
#오라이멘"
"내맘대로 부산맛집01 : 이자까야 비슈, 성원정 양대창 : 네이버 블로그","태그
#부산여행
#국내여행
#부산맛집
#가을여행"
10월 제철음식 부산 맛집 기장끝집 밀키트로 쉽게 전복죽 끓이는법 : 네이버 블로그,"태그
#10월제철음식
#전복죽끓이는법
#전복죽밀키트
#전복죽
#건강죽
#전복죽맛집
#기장끝집"
부산 맛집/ 서면밀면 : 네이버 블로그,"태그
#내돈후기
#서면밀면
#부산맛집
#밀면맛집
#서면맛집
#비빔밀면추천
#여름맛집
#부산여행
#부전역맛집"
[부산맛집/기장철마맛집] 철마연밥 : 네이버 블로그,"태그
#부산맛집
#기장맛집
#철마맛집
#철마연밥
#기장맛집추천
#철마한정식
#부산한정식
#부산맛집추천
#연잎밥정식
#부산연잎밥
#연잎"
"부산맛집 추천, 서빙로봇 푸두봇이 가져다주는 전복요리 탐복 : 네이버 블로그","태그
#서빙로봇
#부산맛집
#브이디컴퍼니
#푸두봇
#탐복
#기장맛집
#부산기장맛집
#전복맛집
#부산전복맛집
#브이디서빙로봇"
[부산맛집/해운대맛집] 장어덮밥 카이센동 맛집 ‘해목’ 해운대점 : 네이버 블로그,"태그
#해목
#해운대
#부산맛집
#부산여행
#카이센동
#장어덮밥
#히츠마부시
#해운대맛집
#맛집추천
#장어"
부산 맛집 : 해운대 타이가텐푸라에서 먹은 인생 텐동 : 네이버 블로그,"태그
#부산맛집
#해운대맛집
#타이가텐푸라
#텐동맛집
#주차
#예약
#영업시간"
"[해운대암소갈비]부산맛집,해운대맛집,해운대암소갈비,부산암소갈비,해운대암소갈비집 : 네이버 블로그","태그
#이흥용과자점
#JMT
#해운대암소갈비집
#해운대맛집
#부산소갈비
#부산맛집"
[부산맛집] 부산에서 3대 밀면하면 가야밀면 찐 후기~~(내돈내산) : 네이버 블로그,"태그
#부산맛집
#부산밀면
#부산가야밀면
#부산3대밀면
#밀면맛집
#가야밀면맛집
#맛집후기
#가야밀면후기
#내돈내산후기
#가야밀면
#물밀면
#비빔밀면
#밀면"
부산맛집추천 광안리 광안목고기집 직접 목살 구워주는 광안목 먹고왔어요! : 네이버 블로그,"태그
#부산맛집추천
#광안리고기집
#광안목
#광안목고기집
#광안리목살
#광안리맛집"
[부산 맛집] 송도 떡볶이 맛집 _ 신전떡볶이 송도 해수욕장점💛 : 네이버 블로그,"태그
#레용블로그
#단골집맛집놀이터
#신전떡볶이송도점
#신전떡볶이송도해수욕장점
#부산맛집
#송도떡볶이맛집
#송도해수욕장떡볶이맛집
#송도해수욕장맛집
#암남동맛집
#송도맛집
#신전떡볶이맛집"
부산맛집 오션뷰 라발스호텔 알리아농 : 네이버 블로그,"태그
#부산호텔
#부산맛집
#부산맛집추천
#부산레스토랑
#부산레스토랑추천
#부산코스요리
#부산모임장소
#야경맛집"
큰바다소년 단골 부산 맛집 10 + 여름 휴가 일정 : 네이버 블로그,"태그
#부산맛집
#큰바다소년"
"내맘대로 부산맛집2 : 전포동 스테디어, 광안리 에쏘 : 네이버 블로그","태그
#국내여행
#부산여행
#부산맛집
#부산카페
#가을여행"
부산맛집 오감만족 해산물 바다뷰 : 네이버 블로그,"태그
#부산기장맛집
#부산해녀촌
#부산기장해녀촌
#연화리맛집
#해산물맛집
#부산해산물맛집
#부산기장가볼만한곳"
"부산 맛집리스트, 부산여행 리스트, 부산가볼만한곳 : 네이버 블로그","태그
#용궁사
#영도해녀촌
#해운대스카이캡슐
#롯데월드부산
#흰여울문화마을
#감천문화마을
#민락수변공원
#청사포
#송도케이블카
#부산여행
#부산맛집
#부산가볼만한곳
#부산여행지"
[부산맛집/마린시티맛집] 긴자 해운대 마린시티점 : 네이버 블로그,"태그
#해운대마린시티맛집
#마린시티맛집
#해운대상견례추천
#부산상견례추천
#긴자
#마린시티점
#긴자마린시티점
#부산긴자
#부산상견례
#해운대맛집추천
#마린시티맛집추천"
2022년 부산맛집 리스트 4부 [블챌]주간일기11 : 네이버 블로그,"태그
#주간일기챌린지
#부산맛집리스트
#부산맛집
#맛집리스트
#2022부산맛집
#2022부산맛집리스트
#타블도트
#샤브쌈주머니
#가미레스토랑
#청와정
#블챌"
부산맛집 명지맛집 부안집 : 네이버 블로그,"태그
#부산맛집
#명지맛집
#부안집
#명지부안집
#부산부안집
#부안집쫀득살
#부산고기집
#명지고기집
#부안집후기"
부산맛집 : 기장 해녀할매집 전복죽 포장해서 먹었습니다 : 네이버 블로그,"태그
#부산맛집
#기장맛집
#연화리
#대변항
#해녀할매집
#전복죽전문점
#전복죽포장"
부산맛집 우리 돼지국밥 여행 1일차 맛점 성공 : 네이버 블로그,"태그
#부산맛집
#부산여행
#부산여행맛집
#부산여행계획
#부산1박2일
#부산돼지국밥맛집
#부산역맛집
#부산돼지국밥추천
#우리돼지국밥
#부산가볼만한곳"
부산 맛집 #호아빈 해운대점 베트남음식을 먹을 수 있는 마린시티맛집 : 네이버 블로그,"태그
#호아빈부산해운대점
#호아빈해운대점
#부산호아빈
#부산맛집
#마린시티맛집
#해운대맛집
#부산베트남음식점
#해운대베트남음식점
#마린시티베트남음식점
#호아빈"
10월 제철음식 전복죽 끓이는법 부산맛집 기장끝집 전복죽 밀키트 : 네이버 블로그,"태그
#기장끝집
#전복죽밀키트
#부산맛집
#전복죽끓이는법"
부산여행 부산맛집 채스우드🫶🏻 : 네이버 블로그,"태그
#부산여행
#부산맛집
#채스우드"
부산맛집) 기장끝집 : 네이버 블로그,"태그
#기장끝집
#전복죽맛집
#부산맛집"
토요일은밥이좋아 기장 칠암사계 소금빵 부산맛집 : 네이버 블로그,"태그
#부산맛집
#소금빵
#소금빵맛집
#기장카페
#칠암사계
#내돈내산
#토요일은밥이좋아
#토요일은밥이좋아기장
#토요일은밥이좋아기장소금빵"
"부산맛집, 기장철마 한우맛집 형제가든 - 감성충만의 부산(기장)여행#2 : 네이버 블로그","태그
#형제가든
#기장맛집
#기장
#부산
#여행
#맛집
#부산맛집_형제가든
#철마형제가든
#감성충만의와인앤다인
#기장여행
#아난티코브
#철마한우
#부산한우맛집
#부산한우"
부산맛집 :: 송정 3대 국밥 : 네이버 블로그,"태그
#부산여행
#부산맛집
#부산서면맛집
#서면맛집
#부산국밥
#송정3대국밥
#부산서면송정3대국밥
#부산국밥맛집
#서면국밥
#서면시장국밥
#부산가볼만한곳
#부산드라이브
#부산투어
#서면식당
#돼지국밥
#아이들과가볼만한곳
#부산가족여행
#가족여행"
몸 보신이 생각날 때 부산 맛집 청와정으로. : 네이버 블로그,"태그
#부산맛집
#청와정
#몸보신"
[부산맛집/대신동맛집] 편의방 : 네이버 블로그,"태그
#대신동맛집
#편의방
#부산만두맛집
#만두맛집
#부산맛집
#대신동편의방
#부산삼선만두
#삼선만두맛집"
(부산맛집) 수제 카이막이 유명한 카페 '디아트(DIART)' : 네이버 블로그,"태그
#디아트카페
#부산여행
#부산맛집
#수제카이막
#카이막
#청사포디아트"
2022년 부산맛집 리스트 5부 [블챌]주간일기12 : 네이버 블로그,"태그
#주간일기챌린지
#부산맛집리스트
#부산맛집
#맛집리스트
#2022부산맛집
#2022부산맛집리스트
#2022맛집리스트
#광안리톤쇼우
#당감동양앤이"
부산 맛집 : 해운대 기와집 대구탕집에서 먹은 시원한 대구탕 : 네이버 블로그,"태그
#부산맛집
#해운대맛집
#해운대기와집대구탕
#대구탕맛집
#아침해장메뉴
#주차
#영업시간"
부산맛집 다대포맛집 냉삼집 : 네이버 블로그,"태그
#부산맛집추천
#사하구맛집
#다대포맛집
#낫개맛집
#다대포고기집
#낫개고기집
#다대포냉삼집
#냉삼집"
[부산 맛집] 해운대에서 맛보는 인도요리 / 인도 커리 맛집 “강가 해운대점” : 네이버 블로그,"태그
#부산맛집
#강가해운대점
#강가
#인도요리
#인도요리전문점
#부산인도요리
#부산맛집추천
#해운대맛집"
부산맛집 예이제 해운대가볼만한곳으로 추천해요 : 네이버 블로그,"태그
#부산맛집
#부산갈비
#부산고깃집
#부산고기집
#부산해운대맛집
#부산갈비집
#부산소고기구이
#해운대가볼만한곳
#부산가볼만한곳
#해운대고기집
#해운대해수욕장고기집
#해운대해수욕장소고기집
#예이제갈비
#예이제
#예이제한정식"
"부산 맛집, 모밀국수와 우동이 끝내주는 70년 노포, ""중앙모밀"" : 네이버 블로그","태그
#용자맛집
#부산맛집
#부산중앙동맛집
#부산중앙역맛집
#부산중앙모밀
#부산냉모밀
#부산모밀국수
#부산우동맛집
#부산우동
#중앙모밀"
"부산맛집(내돈내산,재방문) - 동래밀면 : 네이버 블로그","
													태그
												"
부산 맛집 가족들과 방문했던 곳 : 네이버 블로그,"태그
#부산맛집"
"부산맛집, 해운대가야밀면에서 맛있게 즐기세요! : 네이버 블로그","태그
#해운대가야밀면
#부산맛집"
언제가도 만족스러운 부산맛집 해운대가야밀면에서 한끼 : 네이버 블로그,"태그
#해운대가야밀면
#부산맛집"
부산맛집 송도갈비에서 점심특선으로 짠 : 네이버 블로그,"태그
#부산맛집
#부산맛집추천
#부산고기집
#부산갈비집
#부산갈비맛집
#해운대맛집
#해운대맛집추천
#해운대고기집
#해운대갈비집
#해운대회식장소
#SFG
#송도갈비"
[부산맛집/부산대맛집] 나오리쇼쿠 : 네이버 블로그,"태그
#부산대맛집
#금정구맛집
#장전동맛집
#나오리쇼쿠
#부산대나오리쇼쿠
#부산대가정식
#부대맛집
#부대일본가정식
#부대맛집추천
#부산대맛집추천"
[부산맛집] 송정 구덕포 끝집고기 삼겹살 목살 : 네이버 블로그,"태그
#부산맛집
#송정맛집
#부산구덕포끝집고기
#송정끝집고기
#구덕포끝집고기
#송정해수욕장맛집
#부산바다뷰식당
#송정돼지고기집
#송정고기집
#송정삼겹살목살
#송정애견동반가능식당
#부산낮고기
#부산가볼만한곳
#부산고기집
#끝집고기"
부산맛집 : 동래 써니페스트리 치즈타르트 맛나네요 : 네이버 블로그,"태그
#부산맛집
#동래빵맛집
#써니페스트리
#블루베리치즈페스트리
#푸딩치즈타르트
#동네빵집
#조용한빵집"
부산맛집 전포역파스타 맛집 추천 : 주택101호 : 네이버 블로그,"태그
#부산맛집
#전포역파스타
#주택101호
#전포동맛집
#전포카페거리맛집
#전포동파스타
#전포동외식
#전포동회식
#전포역리조또
#전포동리조또"
부산맛집 서면맛집 롯데호텔 뒷골목의 '쪽쪽갈비' : 네이버 블로그,"태그
#서면맛집
#쪽갈비맛집
#쪽쪽갈비
#부산서면맛집
#부산맛집
#부산롯데백화점맛집
#쪽갈비
#서면쪽갈비
#서면맛집추천
#갈비맛집"
부산맛집 해운대맛집: 탄화 : 네이버 블로그,"태그
#해운대맛집
#부산맛집
#탄화
#숯불구이덮밥
#내돈내산"
"부산맛집, 떡아이스크림, 호랑이젤라떡 : 네이버 블로그","태그
#부산맛집
#해운대맛집
#찰떡아이스크림맛집
#호랑이젤라떡"
부산맛집 서면맛집 항아리보쌈 : 네이버 블로그,"태그
#부산맛집
#항아리보쌈
#보쌈맛집
#내돈내산"
부산 맛집 투어 202208 : 네이버 블로그,"태그
#부산오랜만
#내돈내산
#영남냉면밀면
#밀면
#대정양곱창
#양곱창
#부산족발
#냉채족발
#배불러서그래
#대구탕"
얼마전 다녀온 해운대맛집으로 유명한 부산맛집 : 네이버 블로그,"태그
#부산맛집
#해운대맛집
#해운대가야밀면"
[부산맛집/온천장맛집] 개화 : 네이버 블로그,"태그
#온천장맛집
#온천장개화
#개화
#부산중국집
#온천장중국집
#부산맛집
#부산가성비맛집
#가성비맛집추천
#부산가성비
#중식당개화"
부산맛집 : 범일동 60년전통 할매국밥 돼지국밥이 깔끔한맛입니다 : 네이버 블로그,"태그
#부산맛집
#돼지국밥맛집
#범일동맛집
#60년전통할매국밥
#가람주차장
#주차장안내
#영업시간"
2022년 부산맛집 리스트 3부 [블챌]주간일기08 : 네이버 블로그,"태그
#주간일기챌린지
#부산맛집
#부산맛집리스트
#2022부산맛집
#2022년부산맛집
#부산맛집리스트3부
#서면부들파이터
#초읍수야대공원짬뽕
#경성대오이시
#블챌"
[부산 맛집] 파스타 맛있는집 안쵸비 : 네이버 블로그,"태그
#부산맛집
#안쵸비
#민락동맛집
#광안리맛집
#맛집추천
#파스타맛집
#캐치테이블
#이탈리아음식"
부산 맛집 서면 곱창 “곱다” 양념보단 소금구이 : 네이버 블로그,"태그
#부산맛집
#서면술집
#서면맛집
#서면곱창
#곱다
#서면곱다
#서면스테이크
#서면분위기좋은술집
#곱다서면점
#서면한우곱창
#오늘도술
#서이추환영"
부산맛집 다대포맛집 장수24시돼지국밥 : 네이버 블로그,"태그
#다대포맛집
#낫개맛집
#라브랜드맛집
#다대포국밥
#낫개국밥
#장수24시돼지국밥
#다대포돼지국밥
#낫개돼지국밥
#사하구돼지국밥"
[부산맛집] 기장 연화리 싱싱채운 해산물 전복죽 : 네이버 블로그,"태그
#부산맛집
#기장맛집
#연화리맛집
#부산해산물전복죽
#기장싱싱채운
#부산싱싱채운
#부산가볼만한곳
#연화리해산물전복준
#기장연화리해산물
#부산전복죽
#기장연화리전복죽
#기장연화리식당
#기장모듬해산물
#부산여행추천"
(부산맛집) 모듬꼬지구이가 맛있는 '모리구이' : 네이버 블로그,"태그
#부산맛집
#부산여행
#청사포맛집
#꼬치구이가맛있는집
#모듬꼬치구이
#모리구이집
#모리구이"
부산맛집 문현동 짜장 짬뽕 맛집 황궁쟁반짜장 만당 포장 : 네이버 블로그,"태그
#부산맛집
#문현동짜장맛집
#문현동짬뽕맛집
#황궁쟁반짜장
#문현동중국집
#단골집맛집놀이터
#레용블로그"
"[부산맛집] 30년전통 아나고(붕장어)맛집 ""칠암 일번지 횟집"" : 네이버 블로그","태그
#부산맛집
#30년전통
#아나고
#붕장어
#아나고맛집
#칠암일번지횟집
#칠암맛집
#부산기장맛집
#붕장어맛집
#붕장어회
#붕장어구이
#매운탕
#칠암아나고
#내돈내산"
